Strategy,RMSE
Weighted_0.3,1.32643757367934
Weighted_0.5,1.5836367572618655
Weighted_0.7,1.941674855096928
Switching,2.0338623519670613
Cascade,2.042173986107976
