movieId,mean_rating_per_movie,rating_count_per_movie
1556,1.919431279620853,422
1499,2.0596026490066226,453
