Method,k,RMSE,MAE,Time_Decomp(s),Time_Pred(s),Memory(MB)
PCA Mean Filling (Part 1),50,0.8281380085954161,0.5877773382884576,2.3460798263549805,1.2121391296386719,15.2587890625
