movieId,mean_rating,count
1556.0,1.919431279620853,422
1499.0,2.0596026490066226,453
