col_0,col_1
E,0.7588148832793727
D,0.15746266599153885
C,0.0
